Code postal,Arrrondissement,Loyer (€),Surface (m²),Appartement ou maison,Meublé ou non
75017,17,2200,64,Appartement,Meublé
75009,9,3700,117.5,Appartement,Non meublé
75001,1,3600,73.1,Appartement,Non meublé
75016,16,1303,44.75,Appartement,Non meublé
75011,11,1400,45,Appartement,Meublé
75011,11,2200,74,Appartement,Non meublé
75012,12,1095,30,Appartement,Meublé
75016,16,2522,84,Appartement,Non meublé
75015,15,2106,63,Appartement,Non meublé
75016,16,1440,49,Appartement,Non meublé
75116,116,800,6,Appartement,Non meublé
75010,10,2720,105.83,Appartement,Non meublé
75017,17,3543,106,Appartement,Non meublé
75015,15,2150,66,Appartement,Non meublé
75012,12,820,26.16,Appartement,Non meublé
75012,12,1383,53,Appartement,Non meublé
75004,4,1305,35,Appartement,Non meublé
75012,12,1500,50.27,Appartement,Meublé
75010,10,520,1,Appartement,Meublé
75017,17,950,28,Appartement,Non meublé
75003,3,950,23,Appartement,Non meublé
75011,11,1195,37,Appartement,Non meublé
75006,6,1126,32,Appartement,Non meublé
75020,20,1621,64,Appartement,Non meublé
75014,14,1185,39,Appartement,Non meublé
75008,8,916,24.8,Appartement,Non meublé
75014,14,2300,53,Appartement,Meublé
75016,16,1790,55.7,Appartement,Non meublé
75011,11,920,30,Appartement,Non meublé
75015,15,2200,47.51,Appartement,Meublé
75019,19,995,26.01,Appartement,Non meublé
75010,10,1310,48.64,Appartement,Meublé
75005,5,1172,36,Appartement,Non meublé
75011,11,730,18,Appartement,Non meublé
75017,17,660,15,Appartement,Meublé
75009,9,1150,31.5,Appartement,Non meublé
75016,16,2045,66,Appartement,Non meublé
75003,3,944,25.17,Appartement,Non meublé
75017,17,805,21,Appartement,Non meublé
75013,13,1950,71,Appartement,Non meublé
75018,18,1200,39.76,Appartement,Non meublé
75014,14,1060,35.22,Appartement,Non meublé
75015,15,1060,55,Appartement,Non meublé
75011,11,1390,40,Appartement,Meublé
75018,18,1990,60,Appartement,Non meublé
75014,14,1400,47,Appartement,Non meublé
75017,17,1490,47,Appartement,Non meublé
75016,16,1827,61.5,Appartement,Non meublé
75015,15,1200,38,Appartement,Meublé
75014,14,1137,31,Appartement,Meublé
75019,19,605,21.94,Appartement,Non meublé
75004,4,1510,44,Appartement,Non meublé
75015,15,1105,35,Appartement,Non meublé
75010,10,660,17,Appartement,Non meublé
75003,3,995,26,Appartement,Non meublé
75017,17,900,24,Appartement,Meublé
75017,17,1180,35,Appartement,Meublé
75011,11,1143,31,Appartement,Non meublé
75007,7,1826,46,Appartement,Meublé
75014,14,1050,27.79,Appartement,Meublé
75017,17,836,20,Appartement,Non meublé
75005,5,1910,64,Appartement,Non meublé
75017,17,2500,70,Appartement,Non meublé
75016,16,2246,59,Appartement,Meublé
75020,20,895,15,Appartement,Meublé
75016,16,3328,98,Appartement,Non meublé
75006,6,1250,28,Appartement,Non meublé
75008,8,1563,50.3,Appartement,Non meublé
75016,16,88322,24.1,Appartement,Non meublé
75001,1,1500,27.13,Appartement,Meublé
75012,12,712,20,Appartement,Non meublé
75017,17,1590,62,Appartement,Non meublé
75018,18,690,14.36,Appartement,Meublé
75015,15,1255,41,Appartement,Non meublé
75017,17,890,22,Appartement,Meublé
75018,18,92096,26.4,Appartement,Non meublé
75009,9,1100,32,Appartement,Meublé
75003,3,990,24,Appartement,Non meublé
75012,12,1985,70,Appartement,Non meublé
75013,13,1320,32.05,Appartement,Meublé
75007,7,1045,27.3,Appartement,Non meublé
75013,13,612,14.03,Appartement,Non meublé
75015,15,1135,37,Appartement,Non meublé
75015,15,65882,15.71,Appartement,Meublé
75011,11,1196,27.8,Appartement,Meublé
75015,15,1578,56,Appartement,Non meublé
75011,11,1290,24,Appartement,Meublé
75003,3,10000,226.7,Appartement,Non meublé
75012,12,853,20,Appartement,Non meublé
75016,16,715,14,Appartement,Meublé
75011,11,1370,51,Appartement,Non meublé
75016,16,1900,50,Appartement,Meublé
75016,16,2013,60,Appartement,Non meublé
75017,17,1650,50,Appartement,Meublé
75018,18,915,19,Appartement,Non meublé
75001,1,1800,32,Appartement,Meublé
75116,116,1206,33,Appartement,Meublé
75005,5,798,17,Appartement,Meublé
75011,11,1450,49,Appartement,Non meublé
75006,6,3553,116,Appartement,Non meublé
75017,17,65323,16.09,Appartement,Meublé
75015,15,1312,40.04,Appartement,Non meublé
75005,5,1238,34,Appartement,Non meublé
75016,16,1500,42,Appartement,Meublé
75010,10,900,27,Appartement,Meublé
75016,16,2625,77.12,Appartement,Non meublé
75116,116,950,18,Appartement,Meublé
75014,14,1004,36,Appartement,Non meublé
75014,14,951,30,Appartement,Meublé
75018,18,1618,52.45,Appartement,Non meublé
75014,14,1618,52.02,Appartement,Non meublé
75005,5,740,17,Appartement,Non meublé
75009,9,650,9,Appartement,Meublé
75011,11,1000,33.78,Appartement,Non meublé
75011,11,715,23,Appartement,Non meublé
75015,15,1130,33,Appartement,Meublé
75010,10,1556,56,Appartement,Non meublé
75010,10,1100,28.34,Appartement,Non meublé
75015,15,850,17.24,Appartement,Non meublé
75015,15,850,42,Appartement,Non meublé
75010,10,1980,72,Appartement,Non meublé
75017,17,1180,36,Appartement,Non meublé
75018,18,1045,38,Appartement,Non meublé
75016,16,1770,72,Appartement,Non meublé
75018,18,1050,27,Appartement,Meublé
75017,17,1743,57.34,Appartement,Non meublé
75015,15,2105,65.98,Appartement,Non meublé
75007,7,3658,97.3,Appartement,Non meublé
75016,16,2675,92,Appartement,Non meublé
75001,1,2400,69,Appartement,Meublé
75010,10,1135,39.38,Appartement,Non meublé
75116,116,750,18,Appartement,Non meublé
75015,15,750,63.53,Appartement,Non meublé
75010,10,590,14,Appartement,Meublé
75019,19,1016,34.77,Appartement,Non meublé
75014,14,1290,39,Appartement,Meublé
75017,17,4000,151,Appartement,Non meublé
75010,10,1800,70,Appartement,Non meublé
75007,7,3051,87.41,Appartement,Non meublé
75009,9,2085,72,Appartement,Non meublé
75116,116,3000,65,Appartement,Non meublé
75012,12,770,25,Appartement,Non meublé
75009,9,1223,32.74,Appartement,Non meublé
75017,17,1583,43.09,Appartement,Non meublé
75003,3,1817,57.53,Appartement,Meublé
75017,17,14211,41.47,Appartement,Non meublé
75017,17,1650,42.65,Appartement,Meublé
75010,10,2200,68,Appartement,Meublé
75020,20,850,22,Appartement,Non meublé
75016,16,2500,77,Appartement,Meublé
75019,19,2695,97,Appartement,Non meublé
75018,18,1040,49,Appartement,Non meublé
75017,17,2435,71,Appartement,Non meublé
75015,15,1620,50.21,Appartement,Non meublé
75006,6,1620,260.4,Appartement,Non meublé
75020,20,1185,46.78,Appartement,Non meublé
75006,6,1525,38,Appartement,Non meublé
75005,5,1175,22,Appartement,Meublé
75017,17,2632,90,Appartement,Non meublé
75015,15,1590,58,Appartement,Non meublé
75013,13,1035,32,Appartement,Non meublé
75018,18,1760,61,Appartement,Non meublé
75018,18,1090,22.46,Appartement,Non meublé
75020,20,904,37,Appartement,Non meublé
75004,4,1990,51.45,Appartement,Meublé
75009,9,2170,75.06,Appartement,Non meublé
75004,4,1780,39.2,Appartement,Meublé
75007,7,375,8,Appartement,Meublé
75116,116,375,69.93,Appartement,Non meublé
75016,16,2270,89,Appartement,Non meublé
75012,12,1088,32.3,Appartement,Meublé
75019,19,895,28.39,Appartement,Non meublé
75012,12,1880,60,Appartement,Non meublé
75018,18,1880,86,Appartement,Non meublé
75009,9,1635,55,Appartement,Non meublé
75007,7,3140,96,Appartement,Non meublé
75012,12,1621,51.8,Appartement,Meublé
75015,15,1550,49,Appartement,Non meublé
75012,12,668,16,Appartement,Meublé
75017,17,49984,10.9,Appartement,Meublé
75013,13,1405,38,Appartement,Meublé
75010,10,3100,129.46,Appartement,Non meublé
75012,12,990,30,Appartement,Meublé
75014,14,995,30,Appartement,Non meublé
75014,14,1220,20,Appartement,Meublé
75018,18,1055,43,Appartement,Non meublé
75016,16,2020,52,Appartement,Meublé
75018,18,2500,68,Maison,Non meublé
75005,5,1450,42,Appartement,Meublé
75011,11,1989,56,Appartement,Meublé
75015,15,1275,39.62,Appartement,Non meublé
75015,15,1450,35.61,Appartement,Non meublé
75016,16,1995,71.1,Appartement,Non meublé
75015,15,1200,42.31,Appartement,Non meublé
75015,15,1100,34.14,Appartement,Non meublé
75015,15,552,13.01,Appartement,Meublé
75018,18,732,24.7,Appartement,Meublé
75010,10,1122,36,Appartement,Non meublé
75006,6,2121,67,Appartement,Non meublé
75017,17,2500,75,Appartement,Meublé
75018,18,850,24,Appartement,Non meublé
75004,4,2600,39,Appartement,Meublé
75016,16,3800,92,Appartement,Meublé
75016,16,3200,79,Appartement,Meublé
75006,6,1426,40,Appartement,Non meublé
75020,20,750,14.02,Appartement,Meublé
75015,15,900,29.58,Appartement,Non meublé
75001,1,2500,57.06,Maison,Non meublé
75014,14,1100,30.06,Appartement,Meublé
75014,14,1165,52.48,Appartement,Non meublé
75012,12,1670,58.42,Appartement,Non meublé
75006,6,1500,36,Appartement,Meublé
75007,7,1760,48.18,Appartement,Non meublé
75014,14,670,19,Appartement,Non meublé
75010,10,1522,46,Appartement,Non meublé
75007,7,5590,154.83,Appartement,Non meublé
75005,5,1180,33.4,Appartement,Meublé
75016,16,1532,50.35,Appartement,Non meublé
75001,1,3600,73.1,Appartement,Non meublé
75015,15,2300,68.81,Appartement,Non meublé
75009,9,3700,117.5,Appartement,Non meublé
75015,15,1612,62.4,Appartement,Non meublé
75013,13,1850,44.1,Appartement,Meublé
75014,14,1215,34,Appartement,Meublé
75011,11,3064,116.08,Appartement,Non meublé
75005,5,2244,61.97,Appartement,Non meublé
75006,6,2930,69.68,Appartement,Meublé
75020,20,823,24,Appartement,Non meublé
75015,15,1100,33.32,Appartement,Meublé
75007,7,5784,158.6,Appartement,Non meublé
75007,7,1980,59,Appartement,Non meublé
75003,3,1635,56.42,Appartement,Non meublé
75012,12,1600,63.1,Appartement,Non meublé
75017,17,913,35.21,Appartement,Non meublé
75014,14,7500,177,Appartement,Non meublé
75013,13,1246,37,Appartement,Non meublé
75017,17,970,25,Appartement,Non meublé
75017,17,1095,37,Appartement,Non meublé
75016,16,2690,74,Appartement,Non meublé
75014,14,1170,29,Appartement,Non meublé
75013,13,1414,52,Appartement,Non meublé
75019,19,930,35,Appartement,Non meublé
75019,19,1246,40,Appartement,Non meublé
75019,19,1445,51,Appartement,Meublé
75017,17,1190,32,Appartement,Meublé
75015,15,2150,56,Appartement,Meublé
75016,16,1147,31,Appartement,Meublé
75004,4,1900,45,Appartement,Meublé
75016,16,660,15,Appartement,Meublé
75014,14,7011,16,Appartement,Meublé
75010,10,1090,31,Appartement,Meublé
75017,17,1900,60,Appartement,Meublé
75011,11,770,19,Appartement,Meublé
75015,15,75316,12,Appartement,Meublé
75012,12,1035,29,Appartement,Meublé
75006,6,4295,90,Appartement,Non meublé
75009,9,760,17,Appartement,Meublé
75011,11,1709,42,Appartement,Meublé
75006,6,3560,123,Appartement,Non meublé
75017,17,3220,80,Appartement,Non meublé
75016,16,2200,77,Appartement,Non meublé
75015,15,1560,52.94,Appartement,Non meublé
75015,15,2000,69,Appartement,Non meublé
75018,18,826,27.52,Appartement,Non meublé
75016,16,826,500,Maison,Non meublé
75015,15,1317,43.25,Appartement,Non meublé
75017,17,1100,29,Appartement,Meublé
75116,116,1595,52.37,Appartement,Non meublé
75016,16,1495,44,Appartement,Non meublé
75002,2,2650,78,Appartement,Non meublé
75116,116,2000,54,Appartement,Non meublé
75012,12,1502,55.33,Appartement,Non meublé
75007,7,1502,48.87,Appartement,Non meublé
75012,12,1100,37,Appartement,Non meublé
75015,15,2332,56,Appartement,Meublé
75016,16,1040,23,Appartement,Meublé
75013,13,2400,107,Appartement,Non meublé
75116,116,3300,108,Appartement,Meublé
75010,10,950,22.75,Appartement,Meublé
75006,6,2150,57.29,Appartement,Meublé
75016,16,1096,34,Appartement,Non meublé
75010,10,1400,41.48,Appartement,Meublé
75017,17,1260,25,Appartement,Meublé
75015,15,1531,43.6,Appartement,Non meublé
75011,11,1110,28,Appartement,Meublé
75006,6,3600,95,Appartement,Meublé
75011,11,603,14.55,Appartement,Non meublé
75004,4,603,38.04,Appartement,Non meublé
75003,3,1375,41.4,Appartement,Non meublé
75020,20,1745,57,Appartement,Non meublé
75017,17,1985,66,Appartement,Non meublé
75018,18,1842,64.85,Appartement,Meublé
75004,4,1180,27.2,Appartement,Meublé
75017,17,1105,32,Appartement,Non meublé
75010,10,1750,48,Appartement,Meublé
75018,18,947,27,Appartement,Non meublé
75018,18,1200,42,Appartement,Meublé
75018,18,3000,116,Appartement,Meublé
75020,20,1555,58,Appartement,Non meublé
75018,18,819,22.63,Appartement,Non meublé
75014,14,819,52.9,Appartement,Non meublé
75017,17,77316,22,Appartement,Non meublé
75010,10,1738,43,Appartement,Meublé
75016,16,2700,55.55,Appartement,Meublé
75017,17,1249,42.1,Appartement,Non meublé
75014,14,1367,55.3,Appartement,Non meublé
75014,14,1100,35,Appartement,Non meublé
75016,16,1650,38,Appartement,Meublé
75116,116,850,15,Appartement,Meublé
75005,5,1650,58,Appartement,Meublé
75008,8,1562,42,Appartement,Meublé
75018,18,1900,57,Appartement,Meublé
75015,15,1490,46.74,Appartement,Non meublé
75007,7,6350,100,Appartement,Meublé
75008,8,3649,137.81,Appartement,Non meublé
75015,15,1524,52.54,Appartement,Non meublé
75003,3,1200,25,Appartement,Meublé
75003,3,3000,102,Appartement,Meublé
75016,16,2950,71.43,Appartement,Non meublé
75006,6,3550,120,Appartement,Non meublé
75015,15,1290,39,Appartement,Non meublé
75015,15,1030,28,Appartement,Non meublé
75005,5,3166,115,Appartement,Non meublé
75011,11,672,14.7,Appartement,Meublé
75011,11,1515,52,Appartement,Non meublé
75014,14,1140,42,Appartement,Non meublé
75009,9,1680,46.2,Appartement,Non meublé
75015,15,1680,37,Appartement,Non meublé
75015,15,1100,35,Appartement,Non meublé
75019,19,8233,24.11,Appartement,Non meublé
75008,8,3200,69.38,Appartement,Meublé
75016,16,2700,83,Appartement,Meublé
75018,18,780,20.75,Appartement,Non meublé
75018,18,1845,55,Appartement,Meublé
75002,2,850,17,Appartement,Meublé
75014,14,1200,35.74,Appartement,Non meublé
75016,16,1600,43.54,Appartement,Meublé
75017,17,950,24,Appartement,Non meublé
75015,15,1791,66.49,Appartement,Non meublé
75019,19,1033,36.2,Appartement,Non meublé
75008,8,2800,68,Appartement,Meublé
75008,8,1782,53.6,Appartement,Non meublé
75012,12,1417,51,Appartement,Non meublé
75010,10,1150,29,Appartement,Meublé
75017,17,1344,53,Appartement,Non meublé
75016,16,1495,44,Appartement,Non meublé
75013,13,10695,32.5,Appartement,Non meublé
75015,15,1250,36.56,Appartement,Non meublé
75018,18,1450,46.69,Appartement,Non meublé
75008,8,3500,130,Appartement,Non meublé
75019,19,1498,50,Appartement,Meublé
75015,15,1395,37.21,Appartement,Non meublé
75014,14,1152,31.55,Appartement,Meublé
75014,14,1603,48.61,Appartement,Meublé
75015,15,1679,47.77,Appartement,Non meublé
75017,17,2225,77.14,Appartement,Non meublé
75012,12,1350,45,Appartement,Non meublé
75014,14,2190,88,Appartement,Non meublé
75007,7,729,11,Appartement,Meublé
75018,18,990,41.64,Appartement,Non meublé
75012,12,1390,49,Appartement,Non meublé
75010,10,1600,45,Appartement,Meublé
75015,15,1600,33.49,Appartement,Non meublé
75014,14,3300,105,Appartement,Non meublé
75014,14,1120,33,Appartement,Non meublé
75011,11,1089,34.3,Appartement,Non meublé
75010,10,1200,36,Appartement,Non meublé
75015,15,5500,120,Appartement,Non meublé
75013,13,5500,69.27,Appartement,Non meublé
75015,15,2070,73,Appartement,Non meublé
75010,10,1150,32,Appartement,Non meublé
75018,18,1091,35,Appartement,Non meublé
75010,10,2290,82,Appartement,Meublé
75003,3,5532,55,Appartement,Meublé
75007,7,2280,57.51,Appartement,Meublé
75012,12,1760,59,Appartement,Meublé
75008,8,2800,78.8,Appartement,Non meublé
75017,17,2300,85,Appartement,Non meublé
75008,8,1815,54.4,Appartement,Non meublé
75018,18,1140,33,Appartement,Meublé
75014,14,1690,57,Appartement,Non meublé
75010,10,3300,116.36,Appartement,Non meublé
75005,5,3300,42.52,Appartement,Meublé
75012,12,3300,57.81,Appartement,Non meublé
75015,15,1670,62,Appartement,Non meublé
75020,20,1451,42,Appartement,Meublé
75013,13,720,22,Appartement,Non meublé
75017,17,1090,30.6,Appartement,Non meublé
75010,10,2800,78,Appartement,Non meublé
75015,15,1650,48,Appartement,Non meublé
75013,13,1420,38,Appartement,Meublé
75018,18,840,32,Appartement,Non meublé
75013,13,1560,50,Appartement,Non meublé
75012,12,860,21.96,Appartement,Meublé
75017,17,2606,92,Appartement,Non meublé
75017,17,2100,60,Appartement,Meublé
75011,11,2990,84,Appartement,Non meublé
75013,13,1410,50,Appartement,Non meublé
75017,17,1218,35,Appartement,Non meublé
75016,16,2118,71.22,Appartement,Non meublé
75010,10,1120,32.99,Appartement,Non meublé
75007,7,848,18,Appartement,Meublé
75017,17,848,42.27,Appartement,Non meublé
75008,8,3000,73,Appartement,Non meublé
75004,4,1550,45,Appartement,Meublé
75019,19,1300,31.4,Appartement,Non meublé
75006,6,1660,50.19,Appartement,Meublé
75015,15,1690,65,Appartement,Non meublé
75020,20,1049,30,Appartement,Meublé
75008,8,1049,88.09,Appartement,Non meublé
75009,9,1112,46.28,Appartement,Non meublé
75012,12,2000,70,Appartement,Non meublé
75010,10,805,22.41,Appartement,Non meublé
75009,9,2160,72.62,Appartement,Non meublé
75016,16,1400,34,Appartement,Meublé
75005,5,1200,27,Appartement,Meublé
75015,15,1150,32,Appartement,Non meublé
75015,15,1025,26,Appartement,Non meublé
75015,15,1650,49,Appartement,Meublé
75019,19,1200,32.8,Appartement,Non meublé
75017,17,900,27.69,Appartement,Non meublé
75015,15,77045,23.77,Appartement,Non meublé
75016,16,2182,68,Appartement,Non meublé
75017,17,2330,65.5,Appartement,Non meublé
75014,14,1165,34,Appartement,Non meublé
75012,12,9972,32,Appartement,Non meublé
75007,7,2500,48,Appartement,Meublé
75014,14,2990,96,Appartement,Non meublé
75016,16,1170,24,Appartement,Meublé
75018,18,3150,89,Appartement,Meublé
75016,16,3252,87,Appartement,Non meublé
75017,17,1026,28,Appartement,Non meublé
75014,14,2000,75.24,Appartement,Non meublé
75015,15,4400,52,Appartement,Meublé
75015,15,1700,46,Appartement,Meublé
75005,5,2745,85.09,Appartement,Non meublé
75016,16,1330,33,Appartement,Non meublé
75006,6,980,23.2,Appartement,Non meublé
75013,13,925,26.51,Appartement,Meublé
75004,4,1495,34,Appartement,Meublé
75014,14,2390,85,Appartement,Non meublé
75010,10,1980,71,Appartement,Non meublé
75016,16,2091,49,Appartement,Meublé
75007,7,3860,104.78,Appartement,Non meublé
75013,13,1370,46.31,Appartement,Meublé
75006,6,2250,57.7,Appartement,Meublé
75019,19,1850,64.5,Appartement,Non meublé
75003,3,1600,38.09,Appartement,Non meublé
75019,19,1800,70,Appartement,Non meublé
75003,3,1600,38.09,Appartement,Non meublé
75019,19,1800,70,Appartement,Non meublé
75015,15,1860,52,Appartement,Non meublé
75013,13,750,20,Appartement,Meublé
75018,18,950,33,Appartement,Non meublé
75012,12,957,31,Appartement,Non meublé
75018,18,957,59.02,Appartement,Non meublé
75015,15,1200,36,Appartement,Meublé
75019,19,1141,47.1,Appartement,Non meublé
75014,14,1261,45.39,Appartement,Non meublé
75014,14,1261,45.39,Appartement,Non meublé
75016,16,1120,30.3,Appartement,Non meublé
75014,14,1990,70,Appartement,Non meublé
75018,18,1567,54,Appartement,Non meublé
75016,16,1250,33.7,Appartement,Non meublé
75007,7,2630,76,Appartement,Non meublé
75008,8,1950,39,Appartement,Meublé
75012,12,1200,38.6,Appartement,Meublé
75015,15,1700,45.04,Appartement,Non meublé
75017,17,3618,139,Appartement,Non meublé
75016,16,1977,59,Appartement,Non meublé
75020,20,696,15.07,Appartement,Non meublé
75010,10,850,18,Appartement,Meublé
75020,20,750,16,Appartement,Non meublé
75004,4,3215,125,Appartement,Non meublé
75007,7,2355,65.9,Appartement,Non meublé
75016,16,1475,29,Appartement,Meublé
75004,4,1553,31.42,Appartement,Meublé
75006,6,2800,36.01,Appartement,Meublé
75006,6,1389,31,Appartement,Meublé
75016,16,2350,60,Appartement,Non meublé
75014,14,1291,36,Appartement,Non meublé
75013,13,1645,59,Appartement,Non meublé
75009,9,1549,43,Appartement,Meublé
75018,18,1295,40,Appartement,Non meublé
75006,6,2200,60.32,Appartement,Non meublé
75015,15,1510,39,Appartement,Meublé
75006,6,6855,198,Appartement,Non meublé
75019,19,1672,55,Appartement,Non meublé
75002,2,991,23,Appartement,Meublé
75015,15,1240,35.5,Appartement,Non meublé
75010,10,1250,80,Appartement,Meublé
75015,15,1250,83.89,Appartement,Non meublé
75019,19,780,15.49,Appartement,Non meublé
75015,15,1990,66,Appartement,Non meublé
75015,15,1700,51,Appartement,Meublé
75015,15,1900,62,Appartement,Non meublé
75015,15,1134,30,Appartement,Non meublé
75017,17,1970,71,Appartement,Non meublé
75015,15,2950,88.28,Appartement,Non meublé
75019,19,1790,66,Appartement,Meublé
75005,5,3900,104,Appartement,Meublé
75016,16,860,24,Appartement,Non meublé
75018,18,1500,51,Appartement,Meublé
75014,14,1890,70,Appartement,Non meublé
75013,13,1395,42.13,Appartement,Non meublé
75006,6,3796,92.28,Appartement,Meublé
75019,19,1447,46.78,Appartement,Meublé
75018,18,670,14.05,Appartement,Non meublé
75015,15,1410,42,Appartement,Non meublé
75016,16,1845,70,Appartement,Non meublé
75016,16,2900,75,Appartement,Meublé
75012,12,1820,58.03,Appartement,Non meublé
75013,13,1574,53,Appartement,Non meublé
75007,7,1448,37.5,Appartement,Non meublé
75017,17,510,13.5,Appartement,Non meublé
75013,13,1590,65,Appartement,Non meublé
75020,20,1050,33.09,Appartement,Non meublé
75007,7,2940,84.3,Appartement,Non meublé
75016,16,1390,36,Appartement,Non meublé
75012,12,1640,64,Appartement,Meublé
75019,19,820,23.8,Appartement,Non meublé
75015,15,2392,70,Appartement,Non meublé
75017,17,4500,157,Appartement,Non meublé
75008,8,2880,79.95,Appartement,Non meublé
75013,13,1800,70,Appartement,Non meublé
75007,7,1580,39.76,Appartement,Non meublé
75010,10,2477,83,Appartement,Meublé
75012,12,1990,67.44,Appartement,Meublé
75007,7,1900,57,Appartement,Non meublé
75016,16,700,10.22,Appartement,Meublé
75014,14,871,19,Appartement,Non meublé
75013,13,1250,30,Appartement,Meublé
75014,14,2850,98,Appartement,Non meublé
75002,2,2563,81,Appartement,Non meublé
75007,7,1110,25.2,Appartement,Meublé
75011,11,3500,128,Appartement,Non meublé
75011,11,2441,79.05,Appartement,Meublé
75015,15,1380,42.54,Appartement,Non meublé
75016,16,3545,110.23,Appartement,Non meublé
75017,17,1022,31.64,Appartement,Non meublé
75007,7,1900,42,Appartement,Meublé
75011,11,1390,39,Appartement,Meublé
75017,17,2000,77,Appartement,Meublé
75004,4,903,25,Appartement,Non meublé
75006,6,3680,118.5,Appartement,Non meublé
75009,9,1290,39,Appartement,Meublé
75015,15,1190,37,Appartement,Non meublé
75013,13,1490,53,Appartement,Non meublé
75017,17,1250,31,Appartement,Meublé
75012,12,2130,75.07,Appartement,Non meublé
75009,9,1450,42,Appartement,Non meublé
75015,15,1685,57,Appartement,Non meublé
75014,14,1616,56.63,Appartement,Non meublé
75007,7,4377,151,Appartement,Non meublé
75013,13,1750,65,Appartement,Non meublé
75012,12,1340,41,Appartement,Meublé
75017,17,1340,67.26,Appartement,Non meublé
75017,17,1650,50.54,Appartement,Meublé
75017,17,1119,34.23,Appartement,Non meublé
75014,14,1295,40.43,Appartement,Meublé
75008,8,5500,114.15,Appartement,Meublé
75019,19,1990,79.21,Appartement,Non meublé
75019,19,3200,93.1,Appartement,Non meublé
75010,10,1403,41.89,Appartement,Meublé
75003,3,2700,90,Appartement,Non meublé
75012,12,1015,37.5,Appartement,Non meublé
75009,9,1400,30.65,Appartement,Meublé
75014,14,1700,60,Appartement,Non meublé
75015,15,882,19,Appartement,Non meublé
75018,18,1150,47.45,Appartement,Non meublé
75015,15,1600,66,Appartement,Meublé
75009,9,2050,52,Appartement,Non meublé
75015,15,2081,65.18,Appartement,Non meublé
75019,19,2000,61,Appartement,Meublé
75015,15,1827,69.84,Appartement,Non meublé
75007,7,2200,86,Appartement,Non meublé
75016,16,1700,46,Appartement,Meublé
75011,11,1380,39,Appartement,Non meublé
75019,19,1380,25,Appartement,Meublé
75011,11,1600,50.8,Appartement,Non meublé
75015,15,1895,60,Appartement,Meublé
75017,17,1145,30,Appartement,Meublé
75017,17,2477,84,Appartement,Non meublé
75005,5,1475,34.68,Appartement,Meublé
75007,7,2355,65.9,Appartement,Non meublé
75116,116,1810,49,Appartement,Non meublé
75014,14,1810,124,Appartement,Non meublé
75007,7,1890,41.62,Appartement,Non meublé
75014,14,1400,47.43,Appartement,Non meublé
75007,7,1265,28,Appartement,Meublé
75011,11,1348,42,Appartement,Non meublé
75009,9,1995,30.81,Appartement,Meublé
75017,17,1050,32,Appartement,Non meublé
75015,15,2000,79.42,Appartement,Meublé
75016,16,1538,46,Appartement,Non meublé
75017,17,1795,50,Appartement,Meublé
75004,4,1850,51,Appartement,Meublé
75011,11,1012,29.31,Appartement,Non meublé
75016,16,1517,54,Appartement,Non meublé
75017,17,2410,77,Appartement,Non meublé
75003,3,1800,52,Appartement,Non meublé
75116,116,1875,55,Appartement,Meublé
75013,13,918,23,Appartement,Meublé
75016,16,1950,58,Appartement,Meublé
75017,17,1280,29,Appartement,Meublé
75011,11,1008,25.7,Appartement,Non meublé
75019,19,3200,93,Appartement,Non meublé
75015,15,3258,101,Appartement,Non meublé
75011,11,2199,66.01,Appartement,Non meublé
75015,15,2500,85,Appartement,Non meublé
75015,15,3613,116,Appartement,Non meublé
75014,14,2090,83,Appartement,Non meublé
75015,15,1475,51,Appartement,Meublé
75009,9,3105,101.1,Appartement,Non meublé
75003,3,1118,27.55,Appartement,Meublé
75019,19,1110,35,Appartement,Non meublé
75015,15,1150,38,Appartement,Non meublé
75011,11,2170,57,Appartement,Non meublé
75017,17,1690,57.66,Appartement,Non meublé
75016,16,2000,55,Appartement,Non meublé
75007,7,3200,82.02,Appartement,Non meublé
75018,18,1500,53,Appartement,Meublé
75007,7,2610,60,Appartement,Meublé
75013,13,1200,41.15,Appartement,Non meublé
75016,16,3850,82,Appartement,Meublé
75008,8,3025,89,Appartement,Meublé
75015,15,1133,30,Appartement,Non meublé
75015,15,1487,39,Appartement,Meublé
75012,12,1390,35,Appartement,Meublé
75008,8,2250,73,Appartement,Non meublé
75018,18,2108,63,Appartement,Non meublé
75015,15,2676,86,Appartement,Non meublé
75015,15,4577,118,Appartement,Non meublé
75016,16,2850,115,Appartement,Non meublé
75020,20,1250,28.8,Appartement,Non meublé
75012,12,1638,45.34,Appartement,Meublé
75015,15,1120,37.06,Appartement,Meublé
75016,16,573,15.43,Appartement,Non meublé
75007,7,2400,65.1,Appartement,Non meublé
75008,8,1943,54,Appartement,Non meublé
75007,7,2900,68,Appartement,Non meublé
75012,12,635,15,Appartement,Non meublé
75006,6,3521,35,Appartement,Meublé
75017,17,990,30,Appartement,Meublé
75018,18,1250,33,Appartement,Meublé
75010,10,2800,78.39,Appartement,Non meublé
75015,15,2400,81,Appartement,Non meublé
75017,17,550,11.5,Appartement,Meublé
75016,16,1940,62.1,Appartement,Non meublé
75016,16,2220,61.8,Appartement,Meublé
75003,3,1450,33.96,Appartement,Meublé
75020,20,1290,35,Appartement,Meublé
75015,15,1100,27.03,Appartement,Meublé
75007,7,4900,129.57,Appartement,Non meublé
75010,10,3050,120,Appartement,Meublé
75011,11,639,11,Appartement,Meublé
75015,15,1750,51,Appartement,Meublé
75005,5,1695,53,Appartement,Meublé
75012,12,990,28,Appartement,Non meublé
75007,7,3440,95,Appartement,Non meublé
75018,18,3368,121,Appartement,Non meublé
75017,17,926,36,Appartement,Non meublé
75017,17,1535,49,Appartement,Meublé
75014,14,1995,65,Appartement,Meublé
75014,14,1345,43.09,Appartement,Non meublé
75013,13,1050,34.85,Appartement,Non meublé
75009,9,1190,32,Appartement,Non meublé
75018,18,1150,35,Appartement,Non meublé
75016,16,11000,222,Appartement,Meublé
75013,13,1390,47,Appartement,Non meublé
75004,4,2312,70,Appartement,Non meublé
75016,16,1005,25,Appartement,Meublé
75017,17,1295,39,Appartement,Meublé
75015,15,1550,53,Appartement,Non meublé
75019,19,1598,57.2,Appartement,Non meublé
75019,19,1554,57.8,Appartement,Non meublé
75015,15,1595,57.56,Appartement,Meublé
75003,3,3145,78.01,Appartement,Non meublé
75116,116,2400,55,Appartement,Non meublé
75018,18,74191,27.67,Appartement,Non meublé
75013,13,2122,90.71,Appartement,Non meublé
75017,17,950,24,Appartement,Non meublé
75017,17,950,42,Appartement,Non meublé
75012,12,767,19.52,Appartement,Non meublé
75019,19,1255,40.13,Appartement,Meublé
75015,15,3790,140.38,Appartement,Meublé
75018,18,995,31,Appartement,Non meublé
75019,19,923,29,Appartement,Meublé
75008,8,1500,44,Appartement,Non meublé
75020,20,711,19,Appartement,Meublé
75006,6,2800,67.31,Appartement,Meublé
75011,11,1390,44.52,Appartement,Meublé
75016,16,2400,61,Appartement,Meublé
75008,8,1773,36,Appartement,Meublé
75010,10,926,22.6,Appartement,Non meublé
75004,4,3230,80.69,Appartement,Non meublé
75019,19,1500,40,Appartement,Meublé
75011,11,1225,40,Appartement,Non meublé
75016,16,1500,40,Appartement,Meublé
75014,14,2990,95,Appartement,Meublé
75014,14,990,20,Appartement,Meublé
75019,19,2300,88.03,Appartement,Non meublé
75019,19,1380,46.57,Appartement,Non meublé
75018,18,875,30,Appartement,Meublé
75015,15,890,19,Appartement,Meublé
75011,11,1648,49.5,Appartement,Meublé
75009,9,1550,43.54,Appartement,Meublé
75020,20,1020,28.15,Appartement,Non meublé
75005,5,2301,64,Appartement,Non meublé
75007,7,1900,42,Appartement,Meublé
75018,18,1738,55,Appartement,Meublé
75016,16,1435,45,Appartement,Non meublé
75008,8,1435,119,Appartement,Non meublé
75011,11,1095,28,Appartement,Meublé
75018,18,1350,36,Appartement,Non meublé
75010,10,1150,38.06,Appartement,Meublé
75010,10,2700,85.31,Appartement,Meublé
75016,16,2750,84,Appartement,Non meublé
75016,16,1670,42,Appartement,Meublé
75008,8,1500,37.1,Appartement,Meublé
75003,3,15267,38,Appartement,Meublé
75015,15,1520,43.4,Appartement,Meublé
75008,8,1490,31.66,Appartement,Non meublé
75003,3,1750,35,Appartement,Meublé
75003,3,640,11.12,Appartement,Non meublé
75020,20,1290,37,Appartement,Meublé
75011,11,2950,92,Appartement,Meublé
75019,19,1250,40,Appartement,Non meublé
75014,14,2300,89,Appartement,Non meublé
75015,15,2300,70,Appartement,Meublé
75016,16,1750,38,Appartement,Meublé
75005,5,1410,39.04,Appartement,Meublé
75015,15,1115,30.13,Appartement,Meublé
75015,15,2040,67,Appartement,Non meublé
75013,13,1290,40,Appartement,Non meublé
75015,15,1300,49,Appartement,Non meublé
75015,15,1624,49,Appartement,Non meublé
75002,2,3629,106,Appartement,Non meublé
75012,12,1200,35.37,Appartement,Meublé
75015,15,1124,34.03,Appartement,Non meublé
75004,4,3000,54,Appartement,Meublé
75007,7,5300,127,Appartement,Meublé
75116,116,3500,60,Appartement,Meublé
75017,17,4670,151,Appartement,Non meublé
75006,6,3721,106,Appartement,Non meublé
75017,17,5070,150,Appartement,Non meublé
75016,16,2045,66,Appartement,Non meublé
75016,16,2045,122,Appartement,Non meublé
75016,16,2470,87.1,Appartement,Non meublé
75013,13,1263,28.91,Appartement,Meublé
75006,6,1200,22,Appartement,Meublé
75116,116,1187,31,Appartement,Meublé
75008,8,4575,181,Appartement,Non meublé
75008,8,8000,205,Appartement,Non meublé
75006,6,4495,90,Appartement,Non meublé
75013,13,1246,46,Appartement,Non meublé
75019,19,895,28.39,Appartement,Non meublé
75011,11,700,11,Appartement,Meublé
75011,11,920,22,Appartement,Non meublé
75017,17,1170,20,Appartement,Meublé
75018,18,1400,36.58,Appartement,Meublé
75015,15,1270,27,Appartement,Meublé
75007,7,1950,49.38,Appartement,Non meublé
75019,19,1662,75,Appartement,Meublé
75018,18,1558,56,Appartement,Non meublé
75011,11,1750,47,Appartement,Meublé
75012,12,895,24,Appartement,Non meublé
75008,8,850,12,Appartement,Meublé
75116,116,2778,81,Appartement,Non meublé
75017,17,1230,38,Appartement,Non meublé
75003,3,1150,24,Appartement,Meublé
75013,13,962,34,Appartement,Non meublé
75018,18,1475,39,Appartement,Meublé
75116,116,7500,218,Appartement,Non meublé
75017,17,1278,40.66,Appartement,Non meublé
75011,11,910,28,Appartement,Non meublé
75015,15,1425,49.61,Appartement,Non meublé
75011,11,1290,32,Appartement,Meublé
75016,16,1650,50,Appartement,Meublé
75014,14,2300,69,Appartement,Non meublé
75015,15,2300,34.29,Appartement,Non meublé
75001,1,2500,55,Appartement,Meublé
75016,16,1295,34,Appartement,Non meublé
75007,7,3190,84,Appartement,Non meublé
75014,14,1240,37.44,Appartement,Non meublé
75011,11,1050,30,Appartement,Meublé
75014,14,2295,67,Appartement,Meublé
75017,17,4495,148,Appartement,Non meublé
75018,18,878,26,Appartement,Non meublé
75116,116,2440,72,Appartement,Non meublé
75006,6,1025,17,Appartement,Meublé
75018,18,706,18.75,Appartement,Non meublé
75005,5,1233,33.48,Appartement,Non meublé
75011,11,2300,54.27,Appartement,Non meublé
75011,11,1150,28.59,Appartement,Non meublé
75016,16,7632,237,Appartement,Non meublé
75019,19,1800,70,Appartement,Meublé
75018,18,1300,49.66,Appartement,Non meublé
75014,14,2050,73,Appartement,Meublé
75006,6,3000,78,Appartement,Meublé
75006,6,1400,42.8,Appartement,Non meublé
75014,14,1400,31,Appartement,Non meublé
75011,11,2800,103.3,Appartement,Non meublé
75016,16,4000,93,Appartement,Meublé
75008,8,3250,95.35,Appartement,Non meublé
75014,14,5500,120.87,Appartement,Non meublé
75017,17,1720,53,Appartement,Meublé
75018,18,1200,36,Appartement,Meublé
75008,8,4498,152,Appartement,Non meublé
75017,17,1390,38.7,Appartement,Non meublé
75015,15,1390,43.22,Appartement,Non meublé
75018,18,590,9,Appartement,Meublé
75012,12,94952,22,Appartement,Meublé
75014,14,1510,45,Appartement,Non meublé
75116,116,1725,41,Appartement,Non meublé
75020,20,900,34.84,Appartement,Non meublé
75017,17,873,31,Appartement,Non meublé
75019,19,1412,50,Appartement,Non meublé
75016,16,2900,58,Appartement,Non meublé
75005,5,1900,39.29,Appartement,Meublé
75012,12,2595,81,Appartement,Non meublé
75016,16,3400,70,Appartement,Meublé
75008,8,4530,148,Appartement,Non meublé
75014,14,2175,93,Appartement,Non meublé
75116,116,2900,82,Appartement,Meublé
75019,19,1200,33.6,Appartement,Non meublé
75010,10,3500,100,Appartement,Meublé
75016,16,2694,82,Appartement,Non meublé
75009,9,3400,86,Appartement,Meublé
75016,16,1323,39,Appartement,Non meublé
75007,7,2200,54.5,Appartement,Non meublé
75015,15,2083,59,Appartement,Non meublé
75013,13,1350,44,Appartement,Non meublé
75015,15,1350,40,Appartement,Non meublé
75015,15,2500,71,Appartement,Meublé
75018,18,83686,23,Appartement,Meublé
75010,10,2200,56,Appartement,Meublé
75006,6,652,17.51,Appartement,Non meublé
75015,15,2715,100,Appartement,Non meublé
75003,3,2751,85,Appartement,Non meublé
75018,18,1900,65,Appartement,Non meublé
75004,4,1045,26.73,Appartement,Non meublé
75015,15,1175,34.58,Appartement,Non meublé
75014,14,3810,117.81,Appartement,Non meublé
75015,15,1880,47,Appartement,Meublé
75020,20,2200,81,Maison,Non meublé
75017,17,1585,52,Appartement,Non meublé
75007,7,2200,40,Appartement,Meublé
75015,15,1160,20,Appartement,Meublé
75016,16,1553,56.81,Appartement,Non meublé
75013,13,1490,51.71,Appartement,Meublé
75009,9,2340,70,Appartement,Non meublé
75018,18,1895,62,Appartement,Meublé
75116,116,1300,29,Appartement,Meublé
75019,19,1240,45,Appartement,Non meublé
75018,18,1240,27,Appartement,Meublé
75012,12,2223,81,Appartement,Non meublé
75020,20,1547,54,Appartement,Non meublé
75015,15,1836,51.12,Appartement,Non meublé
75016,16,2490,82.4,Appartement,Non meublé
75015,15,1950,57,Appartement,Meublé
75014,14,1080,34.26,Appartement,Non meublé
75008,8,5999,193.8,Appartement,Non meublé
75016,16,1750,38,Appartement,Non meublé
75116,116,2750,57.81,Appartement,Non meublé
75017,17,795,19.34,Appartement,Meublé
75015,15,1500,42.14,Appartement,Non meublé
75012,12,999,32.53,Appartement,Non meublé
75015,15,540,9,Appartement,Meublé
75007,7,3200,93,Appartement,Meublé
75016,16,3200,500,Maison,Meublé
75010,10,1450,43,Appartement,Non meublé
75016,16,2500,55,Appartement,Non meublé
75010,10,1728,56.28,Appartement,Non meublé
75008,8,9800,251,Appartement,Meublé
75006,6,850,13,Appartement,Meublé
75005,5,2300,73,Appartement,Non meublé
75015,15,1750,62,Appartement,Non meublé
75016,16,1300,28,Appartement,Meublé
75006,6,8000,230,Appartement,Non meublé
75014,14,1950,50.83,Appartement,Meublé
75011,11,2272,80,Appartement,Meublé
75012,12,4020,137.87,Appartement,Non meublé
75016,16,945,27,Appartement,Non meublé
75015,15,3880,120,Appartement,Non meublé
75016,16,1899,73.1,Appartement,Non meublé
75017,17,4770,150,Appartement,Non meublé
75020,20,1200,41,Appartement,Meublé
75018,18,1200,54.28,Appartement,Non meublé
75010,10,980,37,Appartement,Non meublé
75015,15,1648,50.66,Appartement,Meublé
75017,17,4391,156,Appartement,Non meublé
75010,10,1970,60,Appartement,Meublé
75019,19,1190,38,Appartement,Non meublé
75011,11,1750,56.67,Appartement,Non meublé
75018,18,880,23,Appartement,Meublé
75008,8,4500,129,Appartement,Non meublé
75015,15,3500,107,Appartement,Meublé
75014,14,3646,103,Appartement,Meublé
75015,15,1550,53,Appartement,Non meublé
75014,14,2090,52,Appartement,Meublé
75016,16,7632,237,Appartement,Non meublé
75016,16,2145,66,Appartement,Non meublé
75016,16,2500,45,Appartement,Non meublé
75016,16,2900,58,Appartement,Non meublé
75006,6,2900,67.6,Appartement,Non meublé
75010,10,1070,37.3,Appartement,Non meublé
75006,6,1918,52.89,Appartement,Non meublé
75006,6,4200,91.73,Appartement,Non meublé
75018,18,1367,33,Appartement,Meublé
75016,16,1850,60,Appartement,Non meublé
75008,8,1490,37.31,Appartement,Meublé
75011,11,1500,49,Appartement,Meublé
75016,16,1890,62.71,Appartement,Non meublé
75018,18,1162,35,Appartement,Non meublé
75007,7,2443,49,Appartement,Meublé
75018,18,2300,50,Appartement,Meublé
75016,16,1715,52,Appartement,Non meublé
75006,6,4000,74,Appartement,Meublé
75017,17,830,18,Appartement,Non meublé
75014,14,1755,58,Appartement,Meublé
75017,17,4700,157,Appartement,Non meublé
75017,17,4195,130,Appartement,Non meublé
75018,18,1090,32,Appartement,Non meublé
75018,18,1300,36,Appartement,Meublé
75016,16,3328,98,Appartement,Non meublé
75016,16,7320,227,Appartement,Non meublé
75013,13,2350,80,Appartement,Meublé
75006,6,5000,122,Appartement,Non meublé
75006,6,5000,122,Appartement,Non meublé
75013,13,1490,49.68,Appartement,Non meublé
75015,15,1905,65.4,Appartement,Non meublé
75012,12,1150,34.5,Appartement,Meublé
75015,15,2850,91,Appartement,Non meublé
75116,116,1187,31,Appartement,Meublé
75017,17,1585,52,Appartement,Non meublé
75007,7,2200,40,Appartement,Meublé
75016,16,3400,70,Appartement,Meublé
75014,14,1510,45,Appartement,Non meublé
75011,11,1215,33,Appartement,Meublé
75006,6,2650,66,Appartement,Meublé
75015,15,1488,54,Appartement,Non meublé
75018,18,1175,44,Appartement,Meublé
75013,13,1235,39.5,Appartement,Non meublé
75015,15,1160,20,Appartement,Meublé
75011,11,1200,32,Appartement,Non meublé
75016,16,7320,227,Appartement,Non meublé
75015,15,3250,112,Appartement,Meublé
75008,8,6000,155,Appartement,Non meublé
75008,8,6000,155,Appartement,Non meublé
75007,7,2400,60,Appartement,Meublé
75014,14,1755,58,Appartement,Meublé
75005,5,1580,46.4,Appartement,Non meublé
75018,18,1050,44,Appartement,Meublé
75019,19,1300,48,Appartement,Meublé
75018,18,995,35,Appartement,Non meublé
75016,16,2965,110,Appartement,Non meublé
75015,15,1301,37.5,Appartement,Non meublé
75015,15,2500,78,Appartement,Meublé
75116,116,2900,82,Appartement,Meublé
75116,116,1300,29,Appartement,Meublé
75014,14,1029,28,Appartement,Meublé
75017,17,1200,36,Appartement,Meublé
75011,11,639,11,Appartement,Meublé
75018,18,2300,50,Appartement,Meublé
75018,18,1367,33,Appartement,Meublé
75019,19,1100,37,Appartement,Meublé
75020,20,1100,63,Appartement,Meublé
75016,16,2065,64,Appartement,Meublé
75012,12,1650,61,Appartement,Non meublé
75017,17,4700,157,Appartement,Non meublé
75014,14,1710,48.56,Appartement,Meublé
75018,18,2956,109,Appartement,Non meublé
75018,18,32468,120.7,Appartement,Non meublé
75004,4,2200,51.26,Appartement,Meublé
75005,5,1485,18,Appartement,Non meublé
75009,9,2470,70.31,Appartement,Non meublé
75008,8,10000,164,Appartement,Non meublé
75013,13,1174,30,Appartement,Meublé
75012,12,950,24,Appartement,Meublé
75016,16,1550,29,Appartement,Meublé
75012,12,950,21.62,Appartement,Meublé
75014,14,950,34.6,Appartement,Non meublé
75011,11,1400,49.1,Appartement,Non meublé
75015,15,1570,46,Appartement,Non meublé
75013,13,1682,62,Appartement,Non meublé
75002,2,2590,65,Appartement,Meublé
75019,19,1240,45,Appartement,Non meublé
75011,11,1215,33,Appartement,Meublé
75004,4,1155,32,Appartement,Meublé
75016,16,515,1,Appartement,Non meublé
75012,12,2155,77.1,Appartement,Non meublé
75007,7,64093,640,Appartement,Meublé
75018,18,1587,54.25,Appartement,Non meublé
75009,9,4000,142,Appartement,Non meublé
75012,12,1850,46.55,Appartement,Meublé
75016,16,2945,116.88,Appartement,Non meublé
75012,12,1228,46,Appartement,Non meublé
75019,19,1380,46.57,Appartement,Non meublé
75014,14,1780,66.43,Appartement,Meublé
75006,6,1850,52,Appartement,Meublé
75017,17,1850,47.5,Appartement,Non meublé
75007,7,4200,99,Appartement,Meublé
75116,116,6500,200,Appartement,Non meublé
75014,14,1913,64,Appartement,Meublé
75009,9,2900,89.6,Appartement,Non meublé
75016,16,2290,74,Appartement,Non meublé
75008,8,5500,103,Appartement,Meublé
75018,18,1050,44,Appartement,Meublé
75018,18,1090,32,Appartement,Non meublé
75018,18,98217,36.78,Appartement,Non meublé
75011,11,2358,84.7,Appartement,Non meublé
75017,17,1000,27.72,Appartement,Non meublé
75017,17,925,23,Appartement,Non meublé
75013,13,1795,68,Appartement,Non meublé
75018,18,1500,50,Appartement,Meublé
75019,19,4200,128.1,Appartement,Non meublé
75010,10,1300,36,Appartement,Meublé
75012,12,1650,55.2,Appartement,Meublé
75015,15,995,11,Appartement,Meublé
75005,5,1541,38.65,Appartement,Meublé
75019,19,1295,46,Appartement,Meublé
75017,17,6535,171.14,Appartement,Non meublé
75008,8,3447,117.12,Appartement,Non meublé
75016,16,6500,95,Appartement,Non meublé
75003,3,1500,38.5,Appartement,Meublé
75007,7,1422,21,Appartement,Non meublé
75020,20,1422,46.3,Appartement,Non meublé
75017,17,1250,33.46,Appartement,Meublé
75001,1,2900,69.86,Appartement,Meublé
75116,116,2440,72,Appartement,Non meublé
75016,16,2450,84,Appartement,Non meublé
75009,9,1010,23,Appartement,Non meublé
75017,17,2275,58,Appartement,Meublé
75002,2,1550,50,Appartement,Meublé
75016,16,2200,32,Appartement,Meublé
75009,9,5427,213,Appartement,Non meublé
75011,11,1500,49,Appartement,Meublé
75005,5,2900,69,Appartement,Meublé
75011,11,1310,33,Appartement,Meublé
75016,16,2750,84,Appartement,Non meublé
75016,16,1495,27,Appartement,Meublé
75017,17,850,24,Appartement,Non meublé
75013,13,1420,38,Appartement,Meublé
75016,16,2660,90,Appartement,Non meublé
75009,9,2140,63,Appartement,Non meublé
75010,10,2600,62.42,Appartement,Meublé
75014,14,2200,67,Appartement,Meublé
75018,18,1895,72,Appartement,Non meublé
75017,17,515,47.96,Appartement,Meublé
75009,9,1148,27,Appartement,Meublé
75014,14,1700,51.17,Appartement,Meublé
75014,14,3646,103,Appartement,Meublé
75012,12,858,24.35,Appartement,Non meublé
75016,16,1490,40,Appartement,Meublé
75018,18,2357,61,Appartement,Meublé
75008,8,10565,325.3,Appartement,Non meublé
75016,16,1924,64,Appartement,Non meublé
75013,13,1790,68,Appartement,Non meublé
75016,16,2013,60,Appartement,Non meublé
75015,15,1365,39.06,Appartement,Non meublé
75008,8,1800,46,Appartement,Meublé
75007,7,1950,59,Appartement,Non meublé
75116,116,2900,92,Appartement,Non meublé
75017,17,58292,8,Appartement,Meublé
75016,16,2600,57,Appartement,Meublé
75016,16,2500,53,Appartement,Non meublé
75017,17,4495,148,Appartement,Non meublé
75016,16,2522,84,Appartement,Non meublé
75116,116,650,9.6,Appartement,Non meublé
75013,13,1900,61.7,Appartement,Meublé
75017,17,1850,46.29,Appartement,Non meublé
75010,10,1090,14,Appartement,Meublé
75016,16,2755,87,Appartement,Non meublé
75017,17,3689,128.6,Appartement,Non meublé
75017,17,3300,85,Appartement,Non meublé
75116,116,1700,38,Appartement,Non meublé
75016,16,3800,104,Appartement,Non meublé
75007,7,2500,81,Appartement,Meublé
75015,15,2257,62,Appartement,Meublé
75019,19,1120,33,Appartement,Meublé
75015,15,7500,108,Appartement,Non meublé
75016,16,18400,286.11,Appartement,Non meublé
75015,15,1377,39,Appartement,Non meublé
75008,8,4500,75,Appartement,Non meublé
75008,8,5540,146,Appartement,Non meublé
75009,9,1800,37.14,Appartement,Non meublé
75016,16,7300,175,Appartement,Non meublé
75009,9,3500,100,Appartement,Meublé
75015,15,2410,80,Appartement,Non meublé
75010,10,1120,29,Appartement,Meublé
75008,8,8500,146,Appartement,Meublé
75018,18,8500,27,Appartement,Meublé
75008,8,4800,139,Appartement,Meublé
75009,9,4800,61,Appartement,Non meublé
75004,4,1250,44.17,Appartement,Non meublé
75001,1,3000,70,Appartement,Meublé
75010,10,1395,63,Appartement,Non meublé
75014,14,1690,48,Appartement,Meublé
75003,3,1745,60,Appartement,Non meublé
75019,19,2215,115,Appartement,Non meublé
75018,18,1100,32,Appartement,Meublé
75019,19,1149,37,Appartement,Meublé
75020,20,1573,50.35,Appartement,Non meublé
75011,11,2670,68,Appartement,Non meublé
75003,3,1190,36,Appartement,Non meublé
75004,4,1550,39,Appartement,Meublé
75013,13,1180,29,Appartement,Meublé
75016,16,3173,90.47,Appartement,Non meublé
75007,7,3000,61,Appartement,Meublé
75020,20,1258,39,Appartement,Meublé
75015,15,4190,131,Appartement,Non meublé
75017,17,460,9,Appartement,Non meublé
75013,13,1385,53,Appartement,Meublé
75012,12,4300,220,Appartement,Meublé
75010,10,1150,32,Appartement,Non meublé
75006,6,1800,39,Appartement,Non meublé
75008,8,6500,125.13,Appartement,Meublé
75015,15,1900,58,Appartement,Meublé
75008,8,2500,48,Appartement,Non meublé
75016,16,2400,51,Appartement,Meublé
75009,9,2050,54,Appartement,Meublé
75011,11,1625,44,Appartement,Meublé
75017,17,1200,21,Appartement,Meublé
75007,7,3200,68,Appartement,Meublé
75007,7,4130,154,Appartement,Non meublé
75016,16,7500,188,Appartement,Non meublé
75007,7,1336,34.09,Appartement,Non meublé
75008,8,6430,141,Appartement,Non meublé
75008,8,66800,115,Appartement,Non meublé
75007,7,1360,33,Appartement,Meublé
75019,19,2080,73.94,Appartement,Non meublé
75012,12,2980,92.13,Appartement,Non meublé
75116,116,3990,90,Appartement,Meublé
75017,17,900,25,Appartement,Non meublé
75016,16,1243,37,Appartement,Non meublé
75116,116,2600,51,Appartement,Meublé
75017,17,4675,153,Appartement,Non meublé
75016,16,3800,80,Appartement,Meublé
75015,15,4000,101,Appartement,Meublé
75008,8,1450,30,Appartement,Meublé
75013,13,995,37,Appartement,Meublé
75020,20,1450,50,Appartement,Meublé
75002,2,26373,263,Appartement,Non meublé
75009,9,4205,118,Appartement,Non meublé
75015,15,4205,30.5,Appartement,Non meublé
75017,17,4866,160,Appartement,Non meublé
75015,15,2137,64,Appartement,Meublé
75009,9,2470,70.31,Appartement,Non meublé
75008,8,9800,236,Appartement,Meublé
75013,13,1560,41.81,Appartement,Non meublé
75016,16,1970,59,Appartement,Meublé
75016,16,3540,97.8,Appartement,Non meublé
75008,8,1600,35,Appartement,Meublé
75017,17,2065,54,Appartement,Meublé
75013,13,4042,130,Maison,Non meublé
75008,8,10000,100,Appartement,Non meublé
75007,7,1397,29.55,Appartement,Meublé
75116,116,4750,140,Appartement,Non meublé
75007,7,2610,59.38,Appartement,Meublé
75008,8,4370,109.15,Appartement,Non meublé
75020,20,1300,37,Appartement,Non meublé
75008,8,2750,90,Appartement,Non meublé
75012,12,1100,34,Appartement,Non meublé
75015,15,1100,32,Appartement,Meublé
75016,16,3505,350,Maison,Meublé
75005,5,2140,59.59,Appartement,Non meublé
75006,6,7800,183,Appartement,Non meublé
75015,15,1983,63,Appartement,Non meublé
75017,17,5606,204,Appartement,Non meublé
75011,11,2199,66.01,Appartement,Non meublé
75002,2,2060,48,Appartement,Meublé
75016,16,1850,48,Appartement,Meublé
75013,13,3990,103,Appartement,Non meublé
75017,17,1100,25,Appartement,Meublé
75004,4,4140,65,Appartement,Meublé
75016,16,2290,74,Appartement,Non meublé
75017,17,2100,56.8,Appartement,Meublé
75008,8,2100,198,Appartement,Non meublé
75004,4,14400,135,Appartement,Meublé
75013,13,1440,52.82,Appartement,Meublé
75003,3,1990,54,Appartement,Non meublé
75020,20,1304,40.88,Appartement,Non meublé
75014,14,2190,74,Appartement,Meublé
75011,11,1750,56.67,Appartement,Non meublé
75002,2,1820,53,Appartement,Non meublé
75016,16,3523,125,Appartement,Non meublé
75013,13,1105,50,Appartement,Non meublé
75008,8,28000,200,Appartement,Meublé
75013,13,380,1,Appartement,Meublé
75007,7,380,,Appartement,Non meublé
75017,17,2000,50.03,Appartement,Meublé
75008,8,15053,150,Appartement,Meublé
75014,14,2500,70,Appartement,Non meublé
75018,18,829,20,Appartement,Meublé
75002,2,4875,136,Appartement,Meublé
75015,15,1600,35,Appartement,Meublé
75017,17,7379,251,Appartement,Non meublé
75018,18,7379,54.22,Appartement,Non meublé
75008,8,3480,99.7,Appartement,Non meublé
75011,11,1435,45,Appartement,Meublé
75008,8,7275,234.8,Appartement,Non meublé
75017,17,990,19,Appartement,Meublé
75008,8,4000,62,Appartement,Non meublé
75016,16,2100,62,Appartement,Meublé
75004,4,5500,160,Appartement,Meublé
75011,11,1450,47.5,Appartement,Non meublé
75020,20,820,20,Appartement,Meublé
75012,12,3154,9.68,Appartement,Non meublé
75019,19,3154,50.9,Appartement,Meublé
75015,15,1785,71,Appartement,Non meublé
75005,5,1000,16.49,Appartement,Non meublé
75017,17,5580,164,Appartement,Meublé
75006,6,5900,140,Appartement,Non meublé
75015,15,1377,49,Appartement,Non meublé
75012,12,91308,29,Appartement,Non meublé
75016,16,35000,450,Maison,Meublé
75011,11,1000,14,Appartement,Meublé
75012,12,1590,49,Appartement,Non meublé
75009,9,3250,110,Appartement,Meublé
75003,3,1051,31,Appartement,Meublé
75016,16,2400,65.26,Appartement,Meublé
75005,5,900,20.97,Appartement,Non meublé
75011,11,508,9,Appartement,Meublé
75007,7,3600,112,Appartement,Meublé
75018,18,2956,109,Appartement,Non meublé
75016,16,17900,273.94,Appartement,Non meublé
75002,2,1900,41,Appartement,Meublé
75008,8,6500,70,Appartement,Non meublé
75015,15,2575,74.69,Appartement,Meublé
75019,19,1270,52,Appartement,Meublé
75016,16,1906,190,Appartement,Non meublé
75016,16,3699,127.18,Appartement,Non meublé
75011,11,2745,101,Appartement,Non meublé
75017,17,4997,185,Appartement,Non meublé
75016,16,12500,177,Appartement,Meublé
75004,4,1730,52,Appartement,Meublé
75017,17,1500,33,Appartement,Non meublé
75001,1,2900,69,Appartement,Meublé
75015,15,1790,50,Appartement,Meublé
75018,18,950,33.09,Appartement,Non meublé
75008,8,7150,187,Appartement,Non meublé
75009,9,2400,85,Appartement,Non meublé
75008,8,8800,109,Appartement,Meublé
75011,11,750,14,Appartement,Meublé
75116,116,4100,120,Appartement,Meublé
75004,4,3900,80,Appartement,Meublé
75017,17,1843,51,Appartement,Meublé
75016,16,1190,31.86,Appartement,Non meublé
75016,16,2085,65,Appartement,Non meublé
75017,17,15616,49,Appartement,Non meublé
75003,3,3050,80,Appartement,Meublé
75008,8,3805,115.15,Appartement,Non meublé
75016,16,12500,170,Appartement,Meublé
75005,5,950,23.54,Appartement,Non meublé
75018,18,750,15,Appartement,Non meublé
75017,17,4703,169,Appartement,Non meublé
75008,8,25000,240,Appartement,Non meublé
75015,15,2335,68,Appartement,Meublé
75015,15,2335,68,Appartement,Meublé
75016,16,3650,124,Appartement,Meublé
75008,8,15200,230,Appartement,Meublé
75008,8,2500,65,Appartement,Non meublé
75013,13,2300,67,Appartement,Meublé
75019,19,4500,140.3,Appartement,Non meublé
75012,12,1800,55,Appartement,Non meublé
75007,7,3532,95,Appartement,Non meublé
75017,17,3532,41.34,Appartement,Non meublé
75004,4,1688,42,Appartement,Meublé
75008,8,15000,260,Appartement,Meublé
75017,17,5400,180,Appartement,Non meublé
75016,16,11500,290,Appartement,Non meublé
75016,16,8000,140,Appartement,Meublé
75014,14,2280,74,Appartement,Non meublé
75004,4,1229,27,Appartement,Non meublé
75006,6,12000,154,Appartement,Meublé
75016,16,2950,95,Appartement,Meublé
75005,5,1460,40,Appartement,Non meublé
75007,7,1351,34.49,Appartement,Non meublé
75008,8,15000,330,Appartement,Non meublé
75017,17,1540,31,Appartement,Non meublé
75005,5,2200,49,Appartement,Meublé
75017,17,4957,163,Appartement,Non meublé
75015,15,2500,62.54,Appartement,Meublé
75009,9,4000,94,Appartement,Meublé
75011,11,1300,35.82,Appartement,Non meublé
75017,17,1580,47,Appartement,Meublé
75017,17,3725,100,Appartement,Meublé
75019,19,1150,34.84,Appartement,Meublé
75020,20,1020,28.15,Appartement,Non meublé
75004,4,7000,126,Appartement,Meublé
75011,11,2795,95,Appartement,Non meublé
75016,16,28000,165,Appartement,Meublé
75015,15,3950,106,Appartement,Meublé
75015,15,2500,49,Appartement,Non meublé
75010,10,1700,,Appartement,Meublé
75009,9,100,45,Appartement,Non meublé
75005,5,2720,63,Appartement,Non meublé
75006,6,2400,58,Appartement,Meublé
75007,7,40000,440,Appartement,Meublé
75008,8,12500,224,Appartement,Non meublé
75014,14,2000,58,Appartement,Meublé
75008,8,9900,270,Appartement,Meublé
75013,13,1253,34,Appartement,Non meublé
75009,9,1390,34,Appartement,Non meublé
75008,8,8000,150,Appartement,Non meublé
75016,16,4565,138,Appartement,Non meublé
75016,16,28095,280,Appartement,Meublé
75015,15,1450,44.29,Appartement,Non meublé
75009,9,18063,180,Appartement,Meublé
75009,9,2000,40,Appartement,Meublé
75002,2,31084,310,Appartement,Meublé
75007,7,4395,85.69,Appartement,Meublé
75006,6,4900,113.76,Appartement,Meublé
75016,16,3800,73,Appartement,Meublé
75011,11,1190,34,Appartement,Meublé
75017,17,5000,155,Appartement,Meublé
75018,18,1554,48,Appartement,Meublé
75019,19,1160,32,Appartement,Non meublé
